Category,Subcategory,Enrichment,P-value,P-adjusted,Q-value,Expected,Observed,miRNAs/precursors
Pathways (KEGG),Inflammatory bowel disease IBD,over-represented,0.0000166,0.0000166,0.0053792,16.3352,32,hsa-miR-187-5p; hsa-miR-187-3p; hsa-miR-196a-5p; hsa-miR-196a-3p; hsa-miR-203b-3p; hsa-miR-205-5p; hsa-miR-205-3p; hsa-miR-31-5p; hsa-miR-375-3p; hsa-miR-653-5p; hsa-miR-675-5p; hsa-let-7e-5p; hsa-let-7f-5p; hsa-let-7f-2-3p; hsa-miR-105-5p; hsa-miR-135b-5p; hsa-miR-135b-3p; hsa-miR-139-5p; hsa-miR-153-5p; hsa-miR-19b-3p; hsa-miR-200a-5p; hsa-miR-200a-3p; hsa-miR-20b-5p; hsa-miR-331-3p; hsa-miR-34a-5p; hsa-miR-454-5p; hsa-miR-454-3p; hsa-miR-4677-3p; hsa-miR-505-3p; hsa-miR-542-3p; hsa-miR-616-3p; hsa-miR-96-5p
Pathways (KEGG),Endometrial cancer,over-represented,0.000472,0.000472,0.0554854,34.9617,48,hsa-miR-196a-5p; hsa-miR-196a-3p; hsa-miR-196b-5p; hsa-miR-196b-3p; hsa-miR-203b-5p; hsa-miR-205-5p; hsa-miR-217-5p; hsa-miR-224-5p; hsa-miR-224-3p; hsa-miR-31-5p; hsa-miR-34c-5p; hsa-miR-34c-3p; hsa-miR-375-3p; hsa-miR-653-3p; hsa-miR-675-5p; hsa-miR-891a-3p; hsa-let-7e-5p; hsa-let-7f-5p; hsa-let-7f-2-3p; hsa-miR-105-5p; hsa-miR-135b-5p; hsa-miR-135b-3p; hsa-miR-139-5p; hsa-miR-153-3p; hsa-miR-19b-1-5p; hsa-miR-19b-3p; hsa-miR-200a-5p; hsa-miR-200a-3p; hsa-miR-20b-5p; hsa-miR-20b-3p; hsa-miR-323b-5p; hsa-miR-323b-3p; hsa-miR-331-5p; hsa-miR-331-3p; hsa-miR-34a-5p; hsa-miR-34a-3p; hsa-miR-454-5p; hsa-miR-454-3p; hsa-miR-4677-5p; hsa-miR-4677-3p; hsa-miR-505-5p; hsa-miR-505-3p; hsa-miR-542-5p; hsa-miR-542-3p; hsa-miR-5698; hsa-miR-616-5p; hsa-miR-96-5p; hsa-miR-96-3p
Pathways (KEGG),Colorectal cancer,over-represented,0.00065,0.00065,0.0554854,41.1212,53,hsa-miR-187-5p; hsa-miR-196a-5p; hsa-miR-196a-3p; hsa-miR-196b-5p; hsa-miR-196b-3p; hsa-miR-203b-5p; hsa-miR-203b-3p; hsa-miR-205-5p; hsa-miR-217-5p; hsa-miR-224-5p; hsa-miR-224-3p; hsa-miR-31-5p; hsa-miR-31-3p; hsa-miR-34c-5p; hsa-miR-34c-3p; hsa-miR-375-3p; hsa-miR-577; hsa-miR-653-3p; hsa-miR-675-5p; hsa-miR-891a-3p; hsa-let-7e-5p; hsa-let-7f-5p; hsa-let-7f-2-3p; hsa-miR-105-5p; hsa-miR-135b-5p; hsa-miR-135b-3p; hsa-miR-139-5p; hsa-miR-153-5p; hsa-miR-153-3p; hsa-miR-19b-1-5p; hsa-miR-19b-3p; hsa-miR-200a-5p; hsa-miR-200a-3p; hsa-miR-20b-5p; hsa-miR-20b-3p; hsa-miR-323b-3p; hsa-miR-331-5p; hsa-miR-331-3p; hsa-miR-34a-5p; hsa-miR-34a-3p; hsa-miR-454-5p; hsa-miR-454-3p; hsa-miR-4677-5p; hsa-miR-4677-3p; hsa-miR-505-5p; hsa-miR-505-3p; hsa-miR-542-5p; hsa-miR-542-3p; hsa-miR-5698; hsa-miR-616-5p; hsa-miR-616-3p; hsa-miR-96-5p; hsa-miR-96-3p
Pathways (KEGG),Malaria,over-represented,0.000685,0.000685,0.0554854,12.7133,24,hsa-miR-187-3p; hsa-miR-205-5p; hsa-miR-224-5p; hsa-miR-31-5p; hsa-miR-34c-5p; hsa-miR-375-3p; hsa-miR-577; hsa-miR-675-5p; hsa-miR-675-3p; hsa-let-7e-5p; hsa-let-7f-5p; hsa-miR-105-5p; hsa-miR-135b-5p; hsa-miR-139-5p; hsa-miR-153-5p; hsa-miR-19b-3p; hsa-miR-200a-3p; hsa-miR-20b-3p; hsa-miR-34a-5p; hsa-miR-34a-3p; hsa-miR-4677-5p; hsa-miR-4677-3p; hsa-miR-5698; hsa-miR-96-3p
Pathways (KEGG),Mismatch repair,over-represented,0.0011572,0.0011572,0.0749833,8.52483,18,hsa-miR-196a-5p; hsa-miR-196a-3p; hsa-miR-196b-5p; hsa-miR-31-5p; hsa-miR-375-3p; hsa-let-7e-5p; hsa-let-7f-5p; hsa-let-7f-2-3p; hsa-miR-139-3p; hsa-miR-153-5p; hsa-miR-19b-3p; hsa-miR-20b-5p; hsa-miR-331-5p; hsa-miR-34a-5p; hsa-miR-454-3p; hsa-miR-542-3p; hsa-miR-5698; hsa-miR-96-5p
Pathways (KEGG),Glycolysis  Gluconeogenesis,over-represented,0.0027369,0.0027369,0.115722,23.7759,35,hsa-miR-187-5p; hsa-miR-196a-5p; hsa-miR-196b-5p; hsa-miR-196b-3p; hsa-miR-34c-5p; hsa-miR-34c-3p; hsa-miR-375-3p; hsa-miR-577; hsa-miR-653-5p; hsa-miR-675-5p; hsa-miR-891a-3p; hsa-let-7e-5p; hsa-let-7f-5p; hsa-let-7f-2-3p; hsa-miR-135b-5p; hsa-miR-139-5p; hsa-miR-153-5p; hsa-miR-19b-3p; hsa-miR-200a-5p; hsa-miR-200a-3p; hsa-miR-20b-5p; hsa-miR-20b-3p; hsa-miR-323b-5p; hsa-miR-331-3p; hsa-miR-34a-5p; hsa-miR-34a-3p; hsa-miR-454-5p; hsa-miR-454-3p; hsa-miR-4677-5p; hsa-miR-505-5p; hsa-miR-542-3p; hsa-miR-5698; hsa-miR-616-5p; hsa-miR-96-5p; hsa-miR-96-3p
Pathways (KEGG),Gastric cancer,over-represented,0.0034487,0.0034487,0.115722,45.5808,55,hsa-miR-187-5p; hsa-miR-196a-5p; hsa-miR-196a-3p; hsa-miR-196b-5p; hsa-miR-196b-3p; hsa-miR-203b-3p; hsa-miR-205-5p; hsa-miR-205-3p; hsa-miR-217-5p; hsa-miR-224-5p; hsa-miR-224-3p; hsa-miR-31-5p; hsa-miR-34c-5p; hsa-miR-34c-3p; hsa-miR-375-3p; hsa-miR-577; hsa-miR-653-3p; hsa-miR-675-5p; hsa-miR-675-3p; hsa-miR-891a-3p; hsa-let-7e-5p; hsa-let-7f-5p; hsa-let-7f-2-3p; hsa-miR-105-5p; hsa-miR-135b-5p; hsa-miR-135b-3p; hsa-miR-139-5p; hsa-miR-139-3p; hsa-miR-153-5p; hsa-miR-153-3p; hsa-miR-19b-1-5p; hsa-miR-19b-3p; hsa-miR-200a-5p; hsa-miR-200a-3p; hsa-miR-20b-5p; hsa-miR-20b-3p; hsa-miR-323b-5p; hsa-miR-323b-3p; hsa-miR-331-5p; hsa-miR-331-3p; hsa-miR-34a-5p; hsa-miR-34a-3p; hsa-miR-454-5p; hsa-miR-454-3p; hsa-miR-4677-5p; hsa-miR-4677-3p; hsa-miR-505-5p; hsa-miR-505-3p; hsa-miR-542-5p; hsa-miR-542-3p; hsa-miR-5698; hsa-miR-616-5p; hsa-miR-616-3p; hsa-miR-96-5p; hsa-miR-96-3p
Pathways (KEGG),Selenocompound metabolism,over-represented,0.0036424,0.0036424,0.115722,6.45522,14,hsa-miR-196a-5p; hsa-miR-196b-5p; hsa-miR-375-3p; hsa-miR-653-5p; hsa-miR-653-3p; hsa-miR-675-5p; hsa-let-7e-5p; hsa-let-7f-5p; hsa-miR-19b-3p; hsa-miR-20b-3p; hsa-miR-331-3p; hsa-miR-34a-5p; hsa-miR-505-5p; hsa-miR-505-3p
Pathways (KEGG),Ovarian steroidogenesis,over-represented,0.003651,0.003651,0.115722,19.4889,30,hsa-miR-187-5p; hsa-miR-196a-5p; hsa-miR-196b-5p; hsa-miR-203b-3p; hsa-miR-205-5p; hsa-miR-205-3p; hsa-miR-217-5p; hsa-miR-224-5p; hsa-miR-224-3p; hsa-miR-375-3p; hsa-miR-577; hsa-miR-675-3p; hsa-let-7e-5p; hsa-let-7f-5p; hsa-let-7f-2-3p; hsa-miR-139-5p; hsa-miR-153-3p; hsa-miR-19b-3p; hsa-miR-200a-5p; hsa-miR-200a-3p; hsa-miR-20b-5p; hsa-miR-331-3p; hsa-miR-34a-5p; hsa-miR-34a-3p; hsa-miR-454-3p; hsa-miR-4677-3p; hsa-miR-505-3p; hsa-miR-5698; hsa-miR-616-3p; hsa-miR-96-5p
Pathways (KEGG),Pyruvate metabolism,over-represented,0.0038519,0.0038519,0.115722,16.0149,26,hsa-miR-1269a; hsa-miR-1269b; hsa-miR-205-5p; hsa-miR-205-3p; hsa-miR-224-3p; hsa-miR-34c-5p; hsa-miR-375-3p; hsa-miR-577; hsa-miR-675-5p; hsa-miR-891a-3p; hsa-let-7e-5p; hsa-let-7f-5p; hsa-let-7f-2-3p; hsa-miR-135b-5p; hsa-miR-153-5p; hsa-miR-19b-3p; hsa-miR-20b-5p; hsa-miR-20b-3p; hsa-miR-323b-5p; hsa-miR-331-3p; hsa-miR-34a-5p; hsa-miR-34a-3p; hsa-miR-454-5p; hsa-miR-505-5p; hsa-miR-5698; hsa-miR-96-3p
Pathways (KEGG),Cytokine-cytokine receptor interaction,over-represented,0.0039288,0.0039288,0.115722,39.7908,50,hsa-miR-187-5p; hsa-miR-187-3p; hsa-miR-196a-5p; hsa-miR-196a-3p; hsa-miR-196b-5p; hsa-miR-205-5p; hsa-miR-205-3p; hsa-miR-217-5p; hsa-miR-224-5p; hsa-miR-224-3p; hsa-miR-31-5p; hsa-miR-31-3p; hsa-miR-34c-5p; hsa-miR-34c-3p; hsa-miR-375-3p; hsa-miR-577; hsa-miR-653-5p; hsa-miR-653-3p; hsa-miR-675-5p; hsa-miR-675-3p; hsa-let-7e-5p; hsa-let-7f-5p; hsa-let-7f-2-3p; hsa-miR-135b-5p; hsa-miR-135b-3p; hsa-miR-139-5p; hsa-miR-139-3p; hsa-miR-153-5p; hsa-miR-153-3p; hsa-miR-19b-1-5p; hsa-miR-19b-3p; hsa-miR-200a-5p; hsa-miR-200a-3p; hsa-miR-20b-5p; hsa-miR-20b-3p; hsa-miR-331-5p; hsa-miR-331-3p; hsa-miR-34a-5p; hsa-miR-34a-3p; hsa-miR-454-5p; hsa-miR-454-3p; hsa-miR-4677-3p; hsa-miR-505-5p; hsa-miR-505-3p; hsa-miR-542-3p; hsa-miR-5698; hsa-miR-616-5p; hsa-miR-616-3p; hsa-miR-96-5p; hsa-miR-96-3p
Pathways (KEGG),Breast cancer,over-represented,0.0048727,0.0048727,0.131563,47.2808,56,hsa-miR-187-5p; hsa-miR-196a-5p; hsa-miR-196a-3p; hsa-miR-196b-5p; hsa-miR-196b-3p; hsa-miR-203b-3p; hsa-miR-205-5p; hsa-miR-205-3p; hsa-miR-217-5p; hsa-miR-224-5p; hsa-miR-224-3p; hsa-miR-31-5p; hsa-miR-31-3p; hsa-miR-34c-5p; hsa-miR-34c-3p; hsa-miR-375-3p; hsa-miR-577; hsa-miR-653-3p; hsa-miR-675-5p; hsa-miR-675-3p; hsa-miR-891a-3p; hsa-let-7e-5p; hsa-let-7f-5p; hsa-let-7f-2-3p; hsa-miR-105-5p; hsa-miR-135b-5p; hsa-miR-135b-3p; hsa-miR-139-5p; hsa-miR-139-3p; hsa-miR-153-5p; hsa-miR-153-3p; hsa-miR-19b-1-5p; hsa-miR-19b-3p; hsa-miR-200a-5p; hsa-miR-200a-3p; hsa-miR-20b-5p; hsa-miR-20b-3p; hsa-miR-323b-5p; hsa-miR-323b-3p; hsa-miR-331-5p; hsa-miR-331-3p; hsa-miR-34a-5p; hsa-miR-34a-3p; hsa-miR-454-5p; hsa-miR-454-3p; hsa-miR-4677-5p; hsa-miR-4677-3p; hsa-miR-505-5p; hsa-miR-505-3p; hsa-miR-542-5p; hsa-miR-542-3p; hsa-miR-5698; hsa-miR-616-5p; hsa-miR-616-3p; hsa-miR-96-5p; hsa-miR-96-3p
Pathways (KEGG),Pancreatic cancer,over-represented,0.0080214,0.0080214,0.169312,39.6429,49,hsa-miR-187-5p; hsa-miR-196a-5p; hsa-miR-196a-3p; hsa-miR-196b-5p; hsa-miR-203b-3p; hsa-miR-205-5p; hsa-miR-205-3p; hsa-miR-217-5p; hsa-miR-224-5p; hsa-miR-224-3p; hsa-miR-31-5p; hsa-miR-34c-5p; hsa-miR-375-3p; hsa-miR-577; hsa-miR-653-5p; hsa-miR-653-3p; hsa-miR-675-5p; hsa-miR-891a-3p; hsa-let-7e-5p; hsa-let-7f-5p; hsa-let-7f-2-3p; hsa-miR-105-5p; hsa-miR-135b-5p; hsa-miR-135b-3p; hsa-miR-139-5p; hsa-miR-139-3p; hsa-miR-153-5p; hsa-miR-19b-1-5p; hsa-miR-19b-3p; hsa-miR-200a-3p; hsa-miR-20b-5p; hsa-miR-20b-3p; hsa-miR-323b-5p; hsa-miR-323b-3p; hsa-miR-331-5p; hsa-miR-331-3p; hsa-miR-34a-5p; hsa-miR-34a-3p; hsa-miR-454-5p; hsa-miR-454-3p; hsa-miR-4677-5p; hsa-miR-505-5p; hsa-miR-505-3p; hsa-miR-542-5p; hsa-miR-542-3p; hsa-miR-5698; hsa-miR-616-5p; hsa-miR-616-3p; hsa-miR-96-5p
Pathways (KEGG),African trypanosomiasis,over-represented,0.0082453,0.0082453,0.169312,10.151,18,hsa-miR-187-3p; hsa-miR-196b-5p; hsa-miR-205-3p; hsa-miR-31-5p; hsa-miR-375-3p; hsa-miR-653-5p; hsa-let-7e-5p; hsa-let-7f-5p; hsa-miR-135b-5p; hsa-miR-153-3p; hsa-miR-19b-3p; hsa-miR-200a-3p; hsa-miR-20b-5p; hsa-miR-34a-5p; hsa-miR-454-3p; hsa-miR-4677-5p; hsa-miR-505-3p; hsa-miR-96-3p
Pathways (KEGG),AMPK signaling pathway,over-represented,0.00835,0.00835,0.169312,40.8256,50,hsa-miR-1269a; hsa-miR-1269b; hsa-miR-187-5p; hsa-miR-196a-5p; hsa-miR-196a-3p; hsa-miR-196b-5p; hsa-miR-196b-3p; hsa-miR-203b-5p; hsa-miR-205-5p; hsa-miR-217-5p; hsa-miR-224-5p; hsa-miR-224-3p; hsa-miR-31-5p; hsa-miR-31-3p; hsa-miR-34c-5p; hsa-miR-34c-3p; hsa-miR-375-3p; hsa-miR-577; hsa-miR-653-3p; hsa-miR-675-5p; hsa-miR-675-3p; hsa-miR-891a-3p; hsa-let-7e-5p; hsa-let-7f-5p; hsa-let-7f-2-3p; hsa-miR-105-5p; hsa-miR-135b-5p; hsa-miR-139-5p; hsa-miR-139-3p; hsa-miR-153-5p; hsa-miR-153-3p; hsa-miR-19b-1-5p; hsa-miR-19b-3p; hsa-miR-200a-3p; hsa-miR-20b-5p; hsa-miR-323b-5p; hsa-miR-323b-3p; hsa-miR-331-3p; hsa-miR-34a-5p; hsa-miR-34a-3p; hsa-miR-454-3p; hsa-miR-4677-3p; hsa-miR-505-5p; hsa-miR-505-3p; hsa-miR-542-5p; hsa-miR-542-3p; hsa-miR-5698; hsa-miR-616-3p; hsa-miR-96-5p; hsa-miR-96-3p
Pathways (KEGG),Bacterial invasion of epithelial cells,over-represented,0.0092627,0.0092627,0.169312,29.2949,39,hsa-miR-187-3p; hsa-miR-196a-5p; hsa-miR-203b-5p; hsa-miR-203b-3p; hsa-miR-205-5p; hsa-miR-205-3p; hsa-miR-224-5p; hsa-miR-224-3p; hsa-miR-31-5p; hsa-miR-31-3p; hsa-miR-34c-5p; hsa-miR-34c-3p; hsa-miR-375-3p; hsa-miR-577; hsa-miR-653-3p; hsa-miR-891a-3p; hsa-let-7e-5p; hsa-let-7f-5p; hsa-miR-105-5p; hsa-miR-135b-3p; hsa-miR-139-5p; hsa-miR-139-3p; hsa-miR-153-5p; hsa-miR-153-3p; hsa-miR-19b-3p; hsa-miR-200a-5p; hsa-miR-200a-3p; hsa-miR-20b-5p; hsa-miR-331-5p; hsa-miR-331-3p; hsa-miR-34a-5p; hsa-miR-34a-3p; hsa-miR-454-3p; hsa-miR-4677-3p; hsa-miR-505-5p; hsa-miR-542-3p; hsa-miR-5698; hsa-miR-616-5p; hsa-miR-96-3p
Pathways (KEGG),Apoptosis - multiple species,over-represented,0.0094982,0.0094982,0.169312,23.4803,33,hsa-miR-187-5p; hsa-miR-196a-5p; hsa-miR-196b-5p; hsa-miR-203b-5p; hsa-miR-205-5p; hsa-miR-224-5p; hsa-miR-34c-5p; hsa-miR-34c-3p; hsa-miR-375-3p; hsa-miR-577; hsa-let-7e-5p; hsa-let-7f-5p; hsa-let-7f-2-3p; hsa-miR-105-5p; hsa-miR-135b-5p; hsa-miR-139-5p; hsa-miR-153-5p; hsa-miR-153-3p; hsa-miR-19b-3p; hsa-miR-20b-5p; hsa-miR-20b-3p; hsa-miR-331-3p; hsa-miR-34a-5p; hsa-miR-34a-3p; hsa-miR-454-3p; hsa-miR-4677-5p; hsa-miR-4677-3p; hsa-miR-505-3p; hsa-miR-542-3p; hsa-miR-5698; hsa-miR-616-5p; hsa-miR-616-3p; hsa-miR-96-5p
Pathways (KEGG),Apoptosis,over-represented,0.0097131,0.0097131,0.169312,43.3387,52,hsa-miR-1269a; hsa-miR-1269b; hsa-miR-187-5p; hsa-miR-187-3p; hsa-miR-196a-5p; hsa-miR-196a-3p; hsa-miR-196b-5p; hsa-miR-196b-3p; hsa-miR-203b-5p; hsa-miR-205-5p; hsa-miR-205-3p; hsa-miR-217-5p; hsa-miR-224-5p; hsa-miR-224-3p; hsa-miR-31-5p; hsa-miR-31-3p; hsa-miR-34c-5p; hsa-miR-34c-3p; hsa-miR-375-3p; hsa-miR-577; hsa-miR-891a-5p; hsa-miR-891a-3p; hsa-let-7e-5p; hsa-let-7f-5p; hsa-let-7f-2-3p; hsa-miR-105-5p; hsa-miR-135b-5p; hsa-miR-135b-3p; hsa-miR-139-5p; hsa-miR-153-5p; hsa-miR-153-3p; hsa-miR-19b-1-5p; hsa-miR-19b-3p; hsa-miR-200a-3p; hsa-miR-20b-5p; hsa-miR-20b-3p; hsa-miR-323b-3p; hsa-miR-331-5p; hsa-miR-331-3p; hsa-miR-34a-5p; hsa-miR-34a-3p; hsa-miR-454-5p; hsa-miR-454-3p; hsa-miR-4677-5p; hsa-miR-4677-3p; hsa-miR-505-5p; hsa-miR-505-3p; hsa-miR-542-3p; hsa-miR-5698; hsa-miR-616-5p; hsa-miR-616-3p; hsa-miR-96-5p
Pathways (KEGG),IL-17 signaling pathway,over-represented,0.0099288,0.0099288,0.169312,30.4036,40,hsa-miR-187-5p; hsa-miR-187-3p; hsa-miR-196a-5p; hsa-miR-196a-3p; hsa-miR-196b-5p; hsa-miR-205-5p; hsa-miR-224-5p; hsa-miR-224-3p; hsa-miR-31-5p; hsa-miR-34c-5p; hsa-miR-34c-3p; hsa-miR-375-3p; hsa-miR-577; hsa-miR-891a-5p; hsa-miR-891a-3p; hsa-let-7e-5p; hsa-let-7f-5p; hsa-let-7f-2-3p; hsa-miR-135b-5p; hsa-miR-135b-3p; hsa-miR-139-5p; hsa-miR-139-3p; hsa-miR-153-5p; hsa-miR-19b-1-5p; hsa-miR-19b-3p; hsa-miR-200a-3p; hsa-miR-20b-5p; hsa-miR-323b-3p; hsa-miR-34a-5p; hsa-miR-454-5p; hsa-miR-454-3p; hsa-miR-4677-5p; hsa-miR-4677-3p; hsa-miR-505-5p; hsa-miR-505-3p; hsa-miR-542-3p; hsa-miR-5698; hsa-miR-616-5p; hsa-miR-616-3p; hsa-miR-96-5p
Pathways (KEGG),Epithelial cell signaling in Helicobacter pylori infection,over-represented,0.0109864,0.0109864,0.177743,24.6382,34,hsa-miR-187-5p; hsa-miR-196a-5p; hsa-miR-196b-5p; hsa-miR-196b-3p; hsa-miR-205-5p; hsa-miR-217-5p; hsa-miR-224-5p; hsa-miR-224-3p; hsa-miR-31-5p; hsa-miR-34c-5p; hsa-miR-375-3p; hsa-miR-577; hsa-miR-675-5p; hsa-miR-891a-5p; hsa-miR-891a-3p; hsa-let-7e-5p; hsa-let-7f-5p; hsa-let-7f-2-3p; hsa-miR-105-5p; hsa-miR-139-5p; hsa-miR-153-5p; hsa-miR-19b-3p; hsa-miR-200a-3p; hsa-miR-20b-5p; hsa-miR-323b-3p; hsa-miR-34a-5p; hsa-miR-34a-3p; hsa-miR-454-3p; hsa-miR-4677-3p; hsa-miR-542-5p; hsa-miR-542-3p; hsa-miR-5698; hsa-miR-616-5p; hsa-miR-96-5p
Pathways (KEGG),Oxidative phosphorylation,over-represented,0.0115204,0.0115204,0.177743,29.6152,39,hsa-miR-187-3p; hsa-miR-196a-5p; hsa-miR-196a-3p; hsa-miR-196b-5p; hsa-miR-196b-3p; hsa-miR-203b-5p; hsa-miR-205-5p; hsa-miR-205-3p; hsa-miR-224-5p; hsa-miR-224-3p; hsa-miR-31-5p; hsa-miR-31-3p; hsa-miR-34c-5p; hsa-miR-577; hsa-miR-653-5p; hsa-miR-675-5p; hsa-miR-675-3p; hsa-miR-891a-3p; hsa-let-7e-5p; hsa-let-7f-5p; hsa-miR-105-5p; hsa-miR-135b-5p; hsa-miR-139-3p; hsa-miR-153-5p; hsa-miR-153-3p; hsa-miR-19b-3p; hsa-miR-200a-5p; hsa-miR-200a-3p; hsa-miR-20b-5p; hsa-miR-323b-3p; hsa-miR-331-3p; hsa-miR-34a-5p; hsa-miR-454-3p; hsa-miR-4677-5p; hsa-miR-505-5p; hsa-miR-505-3p; hsa-miR-542-3p; hsa-miR-5698; hsa-miR-616-5p
Pathways (KEGG),Rheumatoid arthritis,over-represented,0.0134852,0.0134852,0.1849,20.228,29,hsa-miR-187-5p; hsa-miR-187-3p; hsa-miR-196a-5p; hsa-miR-196b-5p; hsa-miR-196b-3p; hsa-miR-205-5p; hsa-miR-205-3p; hsa-miR-31-5p; hsa-miR-34c-5p; hsa-miR-375-3p; hsa-miR-577; hsa-miR-675-5p; hsa-miR-891a-3p; hsa-let-7e-5p; hsa-let-7f-5p; hsa-miR-105-5p; hsa-miR-139-5p; hsa-miR-153-5p; hsa-miR-19b-1-5p; hsa-miR-19b-3p; hsa-miR-200a-3p; hsa-miR-20b-5p; hsa-miR-323b-3p; hsa-miR-34a-5p; hsa-miR-454-3p; hsa-miR-4677-3p; hsa-miR-505-3p; hsa-miR-542-3p; hsa-miR-616-3p
Pathways (KEGG),AGE-RAGE signaling pathway in diabetic complications,over-represented,0.0135501,0.0135501,0.1849,38.2139,47,hsa-miR-187-5p; hsa-miR-187-3p; hsa-miR-196a-5p; hsa-miR-196a-3p; hsa-miR-196b-5p; hsa-miR-203b-3p; hsa-miR-205-5p; hsa-miR-205-3p; hsa-miR-217-5p; hsa-miR-224-5p; hsa-miR-31-5p; hsa-miR-34c-5p; hsa-miR-34c-3p; hsa-miR-375-3p; hsa-miR-577; hsa-miR-653-5p; hsa-miR-653-3p; hsa-miR-675-5p; hsa-miR-891a-3p; hsa-let-7e-5p; hsa-let-7f-5p; hsa-let-7f-2-3p; hsa-miR-105-5p; hsa-miR-135b-5p; hsa-miR-139-5p; hsa-miR-153-5p; hsa-miR-153-3p; hsa-miR-19b-1-5p; hsa-miR-19b-3p; hsa-miR-200a-3p; hsa-miR-20b-5p; hsa-miR-20b-3p; hsa-miR-323b-3p; hsa-miR-331-3p; hsa-miR-34a-5p; hsa-miR-34a-3p; hsa-miR-454-5p; hsa-miR-454-3p; hsa-miR-4677-5p; hsa-miR-4677-3p; hsa-miR-505-3p; hsa-miR-542-3p; hsa-miR-5698; hsa-miR-616-5p; hsa-miR-616-3p; hsa-miR-96-5p; hsa-miR-96-3p
Pathways (KEGG),Bladder cancer,over-represented,0.0139529,0.0139529,0.1849,34.0008,43,hsa-miR-196a-5p; hsa-miR-196b-5p; hsa-miR-196b-3p; hsa-miR-205-5p; hsa-miR-205-3p; hsa-miR-217-5p; hsa-miR-224-5p; hsa-miR-224-3p; hsa-miR-31-5p; hsa-miR-34c-5p; hsa-miR-375-3p; hsa-miR-577; hsa-miR-653-3p; hsa-miR-675-5p; hsa-miR-675-3p; hsa-let-7e-5p; hsa-let-7f-5p; hsa-let-7f-2-3p; hsa-miR-135b-5p; hsa-miR-139-5p; hsa-miR-139-3p; hsa-miR-153-3p; hsa-miR-19b-1-5p; hsa-miR-19b-3p; hsa-miR-200a-3p; hsa-miR-20b-5p; hsa-miR-20b-3p; hsa-miR-323b-5p; hsa-miR-323b-3p; hsa-miR-331-3p; hsa-miR-34a-5p; hsa-miR-34a-3p; hsa-miR-454-5p; hsa-miR-454-3p; hsa-miR-4677-5p; hsa-miR-4677-3p; hsa-miR-505-5p; hsa-miR-542-5p; hsa-miR-542-3p; hsa-miR-5698; hsa-miR-616-5p; hsa-miR-616-3p; hsa-miR-96-5p
Pathways (KEGG),Chronic myeloid leukemia,over-represented,0.0142875,0.0142875,0.1849,41.614,50,hsa-miR-187-5p; hsa-miR-196a-5p; hsa-miR-196b-5p; hsa-miR-196b-3p; hsa-miR-203b-3p; hsa-miR-205-5p; hsa-miR-205-3p; hsa-miR-217-5p; hsa-miR-224-5p; hsa-miR-224-3p; hsa-miR-31-5p; hsa-miR-31-3p; hsa-miR-34c-5p; hsa-miR-375-3p; hsa-miR-577; hsa-miR-653-3p; hsa-miR-675-5p; hsa-miR-891a-5p; hsa-miR-891a-3p; hsa-let-7e-5p; hsa-let-7f-5p; hsa-let-7f-2-3p; hsa-miR-105-5p; hsa-miR-135b-5p; hsa-miR-135b-3p; hsa-miR-139-5p; hsa-miR-139-3p; hsa-miR-153-5p; hsa-miR-153-3p; hsa-miR-19b-1-5p; hsa-miR-19b-3p; hsa-miR-200a-3p; hsa-miR-20b-5p; hsa-miR-20b-3p; hsa-miR-323b-3p; hsa-miR-331-5p; hsa-miR-331-3p; hsa-miR-34a-5p; hsa-miR-34a-3p; hsa-miR-454-5p; hsa-miR-454-3p; hsa-miR-4677-3p; hsa-miR-505-5p; hsa-miR-505-3p; hsa-miR-542-3p; hsa-miR-5698; hsa-miR-616-5p; hsa-miR-616-3p; hsa-miR-96-5p; hsa-miR-96-3p
Pathways (KEGG),Longevity regulating pathway - multiple species,over-represented,0.0149337,0.0149337,0.1849,31.0196,40,hsa-miR-187-3p; hsa-miR-196a-5p; hsa-miR-196b-5p; hsa-miR-205-5p; hsa-miR-217-5p; hsa-miR-224-5p; hsa-miR-224-3p; hsa-miR-31-5p; hsa-miR-31-3p; hsa-miR-34c-5p; hsa-miR-34c-3p; hsa-miR-375-3p; hsa-miR-577; hsa-miR-675-3p; hsa-miR-891a-3p; hsa-let-7e-5p; hsa-let-7f-5p; hsa-let-7f-2-3p; hsa-miR-105-5p; hsa-miR-135b-5p; hsa-miR-139-5p; hsa-miR-139-3p; hsa-miR-153-5p; hsa-miR-153-3p; hsa-miR-19b-3p; hsa-miR-200a-5p; hsa-miR-200a-3p; hsa-miR-20b-5p; hsa-miR-331-5p; hsa-miR-331-3p; hsa-miR-34a-5p; hsa-miR-34a-3p; hsa-miR-454-3p; hsa-miR-505-3p; hsa-miR-542-5p; hsa-miR-542-3p; hsa-miR-5698; hsa-miR-616-5p; hsa-miR-616-3p; hsa-miR-96-5p
Pathways (KEGG),Basal cell carcinoma,over-represented,0.0154083,0.0154083,0.1849,27.0774,36,hsa-miR-196a-5p; hsa-miR-203b-3p; hsa-miR-205-3p; hsa-miR-217-5p; hsa-miR-224-5p; hsa-miR-224-3p; hsa-miR-31-5p; hsa-miR-34c-3p; hsa-miR-375-3p; hsa-miR-675-5p; hsa-miR-891a-3p; hsa-let-7e-5p; hsa-let-7f-5p; hsa-let-7f-2-3p; hsa-miR-105-5p; hsa-miR-135b-5p; hsa-miR-135b-3p; hsa-miR-139-5p; hsa-miR-153-5p; hsa-miR-19b-3p; hsa-miR-200a-5p; hsa-miR-200a-3p; hsa-miR-20b-5p; hsa-miR-20b-3p; hsa-miR-331-5p; hsa-miR-331-3p; hsa-miR-34a-5p; hsa-miR-34a-3p; hsa-miR-454-3p; hsa-miR-4677-3p; hsa-miR-505-5p; hsa-miR-505-3p; hsa-miR-542-3p; hsa-miR-5698; hsa-miR-616-5p; hsa-miR-96-5p
Pathways (KEGG),Small cell lung cancer,over-represented,0.0163568,0.0163568,0.18838,40.7024,49,hsa-miR-187-5p; hsa-miR-196a-5p; hsa-miR-196a-3p; hsa-miR-196b-5p; hsa-miR-205-5p; hsa-miR-217-5p; hsa-miR-224-5p; hsa-miR-224-3p; hsa-miR-31-5p; hsa-miR-31-3p; hsa-miR-34c-5p; hsa-miR-34c-3p; hsa-miR-375-3p; hsa-miR-577; hsa-miR-653-3p; hsa-miR-675-5p; hsa-miR-891a-5p; hsa-miR-891a-3p; hsa-let-7e-5p; hsa-let-7f-5p; hsa-let-7f-2-3p; hsa-miR-105-5p; hsa-miR-135b-5p; hsa-miR-135b-3p; hsa-miR-139-5p; hsa-miR-139-3p; hsa-miR-153-5p; hsa-miR-153-3p; hsa-miR-19b-1-5p; hsa-miR-19b-3p; hsa-miR-200a-5p; hsa-miR-200a-3p; hsa-miR-20b-5p; hsa-miR-20b-3p; hsa-miR-323b-3p; hsa-miR-331-5p; hsa-miR-331-3p; hsa-miR-34a-5p; hsa-miR-34a-3p; hsa-miR-454-3p; hsa-miR-4677-5p; hsa-miR-4677-3p; hsa-miR-505-5p; hsa-miR-505-3p; hsa-miR-542-3p; hsa-miR-5698; hsa-miR-616-5p; hsa-miR-616-3p; hsa-miR-96-5p
Pathways (KEGG),Vitamin digestion and absorption,over-represented,0.0176719,0.0176719,0.18838,9.31326,16,hsa-miR-187-5p; hsa-miR-203b-3p; hsa-miR-224-5p; hsa-miR-224-3p; hsa-miR-577; hsa-let-7e-5p; hsa-let-7f-5p; hsa-miR-135b-5p; hsa-miR-139-3p; hsa-miR-19b-1-5p; hsa-miR-19b-3p; hsa-miR-34a-5p; hsa-miR-454-3p; hsa-miR-5698; hsa-miR-616-5p; hsa-miR-96-5p
Pathways (KEGG),Longevity regulating pathway,over-represented,0.018061,0.018061,0.18838,36.5139,45,hsa-miR-196a-5p; hsa-miR-196a-3p; hsa-miR-196b-5p; hsa-miR-203b-3p; hsa-miR-205-5p; hsa-miR-205-3p; hsa-miR-217-5p; hsa-miR-224-5p; hsa-miR-224-3p; hsa-miR-31-5p; hsa-miR-34c-5p; hsa-miR-34c-3p; hsa-miR-375-3p; hsa-miR-577; hsa-miR-675-3p; hsa-miR-891a-3p; hsa-let-7e-5p; hsa-let-7f-5p; hsa-let-7f-2-3p; hsa-miR-105-5p; hsa-miR-135b-5p; hsa-miR-139-5p; hsa-miR-139-3p; hsa-miR-153-5p; hsa-miR-153-3p; hsa-miR-19b-3p; hsa-miR-200a-5p; hsa-miR-200a-3p; hsa-miR-20b-5p; hsa-miR-323b-3p; hsa-miR-331-5p; hsa-miR-331-3p; hsa-miR-34a-5p; hsa-miR-34a-3p; hsa-miR-454-3p; hsa-miR-4677-3p; hsa-miR-505-5p; hsa-miR-505-3p; hsa-miR-542-5p; hsa-miR-542-3p; hsa-miR-5698; hsa-miR-616-5p; hsa-miR-616-3p; hsa-miR-96-5p; hsa-miR-96-3p
Pathways (KEGG),Glioma,over-represented,0.0184648,0.0184648,0.18838,42.0082,50,hsa-miR-187-5p; hsa-miR-196a-5p; hsa-miR-196a-3p; hsa-miR-196b-5p; hsa-miR-196b-3p; hsa-miR-203b-3p; hsa-miR-205-5p; hsa-miR-205-3p; hsa-miR-217-5p; hsa-miR-224-5p; hsa-miR-224-3p; hsa-miR-31-5p; hsa-miR-34c-5p; hsa-miR-375-3p; hsa-miR-577; hsa-miR-653-5p; hsa-miR-653-3p; hsa-miR-675-5p; hsa-miR-675-3p; hsa-miR-891a-3p; hsa-let-7e-5p; hsa-let-7f-5p; hsa-let-7f-2-3p; hsa-miR-105-5p; hsa-miR-135b-3p; hsa-miR-139-5p; hsa-miR-139-3p; hsa-miR-153-3p; hsa-miR-19b-1-5p; hsa-miR-19b-3p; hsa-miR-200a-5p; hsa-miR-200a-3p; hsa-miR-20b-5p; hsa-miR-20b-3p; hsa-miR-323b-3p; hsa-miR-331-5p; hsa-miR-331-3p; hsa-miR-34a-5p; hsa-miR-34a-3p; hsa-miR-454-5p; hsa-miR-454-3p; hsa-miR-505-5p; hsa-miR-505-3p; hsa-miR-542-5p; hsa-miR-542-3p; hsa-miR-5698; hsa-miR-616-5p; hsa-miR-616-3p; hsa-miR-96-5p; hsa-miR-96-3p
Pathways (KEGG),Melanoma,over-represented,0.0190735,0.0190735,0.18838,39.84,48,hsa-miR-187-5p; hsa-miR-196a-5p; hsa-miR-196a-3p; hsa-miR-196b-5p; hsa-miR-196b-3p; hsa-miR-205-5p; hsa-miR-205-3p; hsa-miR-217-5p; hsa-miR-224-5p; hsa-miR-224-3p; hsa-miR-31-5p; hsa-miR-34c-5p; hsa-miR-375-3p; hsa-miR-577; hsa-miR-653-3p; hsa-miR-675-5p; hsa-miR-675-3p; hsa-miR-891a-3p; hsa-let-7e-5p; hsa-let-7f-5p; hsa-let-7f-2-3p; hsa-miR-105-5p; hsa-miR-135b-3p; hsa-miR-139-5p; hsa-miR-139-3p; hsa-miR-153-5p; hsa-miR-153-3p; hsa-miR-19b-1-5p; hsa-miR-19b-3p; hsa-miR-200a-5p; hsa-miR-200a-3p; hsa-miR-20b-5p; hsa-miR-20b-3p; hsa-miR-323b-3p; hsa-miR-331-5p; hsa-miR-331-3p; hsa-miR-34a-5p; hsa-miR-34a-3p; hsa-miR-454-5p; hsa-miR-454-3p; hsa-miR-505-5p; hsa-miR-505-3p; hsa-miR-542-5p; hsa-miR-542-3p; hsa-miR-5698; hsa-miR-616-5p; hsa-miR-616-3p; hsa-miR-96-5p
Pathways (KEGG),Adherens junction,over-represented,0.0191869,0.0191869,0.18838,35.553,44,hsa-miR-196a-5p; hsa-miR-196b-5p; hsa-miR-205-5p; hsa-miR-217-5p; hsa-miR-224-5p; hsa-miR-224-3p; hsa-miR-31-5p; hsa-miR-31-3p; hsa-miR-34c-5p; hsa-miR-34c-3p; hsa-miR-375-3p; hsa-miR-577; hsa-miR-675-3p; hsa-miR-891a-3p; hsa-let-7e-5p; hsa-let-7f-5p; hsa-let-7f-2-3p; hsa-miR-105-5p; hsa-miR-135b-5p; hsa-miR-139-5p; hsa-miR-153-5p; hsa-miR-153-3p; hsa-miR-19b-3p; hsa-miR-200a-5p; hsa-miR-200a-3p; hsa-miR-20b-5p; hsa-miR-323b-5p; hsa-miR-331-5p; hsa-miR-331-3p; hsa-miR-34a-5p; hsa-miR-34a-3p; hsa-miR-454-5p; hsa-miR-454-3p; hsa-miR-4677-5p; hsa-miR-4677-3p; hsa-miR-505-5p; hsa-miR-505-3p; hsa-miR-542-5p; hsa-miR-542-3p; hsa-miR-5698; hsa-miR-616-5p; hsa-miR-616-3p; hsa-miR-96-5p; hsa-miR-96-3p
Pathways (KEGG),Non-small cell lung cancer,over-represented,0.020363,0.020363,0.194047,38.8545,47,hsa-miR-187-5p; hsa-miR-196a-5p; hsa-miR-196a-3p; hsa-miR-196b-5p; hsa-miR-196b-3p; hsa-miR-203b-3p; hsa-miR-205-5p; hsa-miR-217-5p; hsa-miR-224-5p; hsa-miR-224-3p; hsa-miR-31-5p; hsa-miR-34c-5p; hsa-miR-375-3p; hsa-miR-577; hsa-miR-653-3p; hsa-miR-675-5p; hsa-miR-891a-3p; hsa-let-7e-5p; hsa-let-7f-5p; hsa-let-7f-2-3p; hsa-miR-105-5p; hsa-miR-135b-3p; hsa-miR-139-5p; hsa-miR-139-3p; hsa-miR-19b-1-5p; hsa-miR-19b-3p; hsa-miR-200a-3p; hsa-miR-20b-5p; hsa-miR-20b-3p; hsa-miR-323b-5p; hsa-miR-323b-3p; hsa-miR-331-5p; hsa-miR-331-3p; hsa-miR-34a-5p; hsa-miR-34a-3p; hsa-miR-454-5p; hsa-miR-454-3p; hsa-miR-4677-5p; hsa-miR-505-5p; hsa-miR-505-3p; hsa-miR-542-5p; hsa-miR-542-3p; hsa-miR-5698; hsa-miR-616-5p; hsa-miR-616-3p; hsa-miR-96-5p; hsa-miR-96-3p
Pathways (KEGG),Hippo signaling pathway,over-represented,0.0218732,0.0218732,0.202483,44.546,52,hsa-miR-187-5p; hsa-miR-196a-5p; hsa-miR-196a-3p; hsa-miR-196b-5p; hsa-miR-203b-3p; hsa-miR-205-5p; hsa-miR-205-3p; hsa-miR-217-5p; hsa-miR-224-5p; hsa-miR-224-3p; hsa-miR-31-5p; hsa-miR-34c-5p; hsa-miR-34c-3p; hsa-miR-375-3p; hsa-miR-577; hsa-miR-653-5p; hsa-miR-653-3p; hsa-miR-675-5p; hsa-miR-675-3p; hsa-miR-891a-3p; hsa-let-7e-5p; hsa-let-7f-5p; hsa-let-7f-2-3p; hsa-miR-105-5p; hsa-miR-135b-5p; hsa-miR-135b-3p; hsa-miR-139-5p; hsa-miR-139-3p; hsa-miR-153-5p; hsa-miR-153-3p; hsa-miR-19b-1-5p; hsa-miR-19b-3p; hsa-miR-200a-5p; hsa-miR-200a-3p; hsa-miR-20b-5p; hsa-miR-20b-3p; hsa-miR-323b-3p; hsa-miR-331-5p; hsa-miR-331-3p; hsa-miR-34a-5p; hsa-miR-34a-3p; hsa-miR-454-3p; hsa-miR-4677-3p; hsa-miR-505-5p; hsa-miR-505-3p; hsa-miR-542-5p; hsa-miR-542-3p; hsa-miR-5698; hsa-miR-616-5p; hsa-miR-616-3p; hsa-miR-96-5p; hsa-miR-96-3p
Pathways (KEGG),Fanconi anemia pathway,over-represented,0.0236531,0.0236531,0.212878,14.709,22,hsa-miR-196a-3p; hsa-miR-205-3p; hsa-miR-31-5p; hsa-miR-34c-3p; hsa-miR-375-3p; hsa-miR-891a-3p; hsa-let-7e-5p; hsa-let-7f-5p; hsa-let-7f-2-3p; hsa-miR-135b-5p; hsa-miR-139-3p; hsa-miR-153-5p; hsa-miR-19b-1-5p; hsa-miR-19b-3p; hsa-miR-20b-5p; hsa-miR-331-3p; hsa-miR-34a-5p; hsa-miR-505-3p; hsa-miR-542-3p; hsa-miR-5698; hsa-miR-616-5p; hsa-miR-96-5p
Pathways (KEGG),Pathogenic Escherichia coli infection,over-represented,0.025223,0.025223,0.220872,45.9257,53,hsa-miR-187-5p; hsa-miR-187-3p; hsa-miR-196a-5p; hsa-miR-196a-3p; hsa-miR-196b-5p; hsa-miR-196b-3p; hsa-miR-203b-3p; hsa-miR-205-5p; hsa-miR-224-5p; hsa-miR-224-3p; hsa-miR-31-5p; hsa-miR-31-3p; hsa-miR-34c-5p; hsa-miR-34c-3p; hsa-miR-375-3p; hsa-miR-577; hsa-miR-653-3p; hsa-miR-675-5p; hsa-miR-891a-5p; hsa-miR-891a-3p; hsa-let-7e-5p; hsa-let-7f-5p; hsa-miR-105-5p; hsa-miR-135b-5p; hsa-miR-135b-3p; hsa-miR-139-5p; hsa-miR-139-3p; hsa-miR-153-5p; hsa-miR-153-3p; hsa-miR-19b-1-5p; hsa-miR-19b-3p; hsa-miR-200a-3p; hsa-miR-20b-5p; hsa-miR-20b-3p; hsa-miR-323b-5p; hsa-miR-323b-3p; hsa-miR-331-5p; hsa-miR-331-3p; hsa-miR-34a-5p; hsa-miR-34a-3p; hsa-miR-454-5p; hsa-miR-454-3p; hsa-miR-4677-5p; hsa-miR-4677-3p; hsa-miR-505-5p; hsa-miR-505-3p; hsa-miR-542-5p; hsa-miR-542-3p; hsa-miR-5698; hsa-miR-616-5p; hsa-miR-616-3p; hsa-miR-96-5p; hsa-miR-96-3p
Pathways (KEGG),Long-term depression,over-represented,0.0278794,0.0278794,0.233052,26.0673,34,hsa-miR-187-5p; hsa-miR-187-3p; hsa-miR-196a-5p; hsa-miR-196b-5p; hsa-miR-196b-3p; hsa-miR-205-5p; hsa-miR-217-5p; hsa-miR-224-5p; hsa-miR-224-3p; hsa-miR-31-5p; hsa-miR-34c-5p; hsa-miR-375-3p; hsa-miR-577; hsa-miR-653-5p; hsa-miR-675-3p; hsa-miR-891a-3p; hsa-let-7e-5p; hsa-let-7f-5p; hsa-miR-139-5p; hsa-miR-153-5p; hsa-miR-19b-3p; hsa-miR-200a-3p; hsa-miR-20b-5p; hsa-miR-323b-5p; hsa-miR-331-3p; hsa-miR-34a-5p; hsa-miR-34a-3p; hsa-miR-454-5p; hsa-miR-454-3p; hsa-miR-505-5p; hsa-miR-505-3p; hsa-miR-5698; hsa-miR-96-5p; hsa-miR-96-3p
Pathways (KEGG),Cushing syndrome,over-represented,0.0280526,0.0280526,0.233052,44.9402,52,hsa-miR-187-5p; hsa-miR-187-3p; hsa-miR-196a-5p; hsa-miR-196b-5p; hsa-miR-196b-3p; hsa-miR-203b-3p; hsa-miR-205-5p; hsa-miR-205-3p; hsa-miR-217-5p; hsa-miR-224-5p; hsa-miR-224-3p; hsa-miR-31-5p; hsa-miR-31-3p; hsa-miR-34c-5p; hsa-miR-34c-3p; hsa-miR-375-3p; hsa-miR-577; hsa-miR-653-5p; hsa-miR-653-3p; hsa-miR-675-5p; hsa-miR-891a-3p; hsa-let-7e-5p; hsa-let-7f-5p; hsa-let-7f-2-3p; hsa-miR-105-5p; hsa-miR-135b-5p; hsa-miR-139-5p; hsa-miR-139-3p; hsa-miR-153-5p; hsa-miR-153-3p; hsa-miR-19b-1-5p; hsa-miR-19b-3p; hsa-miR-200a-5p; hsa-miR-200a-3p; hsa-miR-20b-5p; hsa-miR-20b-3p; hsa-miR-323b-3p; hsa-miR-331-5p; hsa-miR-331-3p; hsa-miR-34a-5p; hsa-miR-34a-3p; hsa-miR-454-5p; hsa-miR-454-3p; hsa-miR-4677-3p; hsa-miR-505-5p; hsa-miR-505-3p; hsa-miR-542-5p; hsa-miR-542-3p; hsa-miR-5698; hsa-miR-616-5p; hsa-miR-616-3p; hsa-miR-96-5p
Pathways (KEGG),Pentose phosphate pathway,over-represented,0.0291545,0.0291545,0.235167,10.693,17,hsa-miR-1269a; hsa-miR-1269b; hsa-miR-196a-3p; hsa-miR-196b-5p; hsa-miR-196b-3p; hsa-miR-375-3p; hsa-miR-653-5p; hsa-let-7e-5p; hsa-miR-153-5p; hsa-miR-19b-3p; hsa-miR-200a-5p; hsa-miR-20b-5p; hsa-miR-331-3p; hsa-miR-34a-5p; hsa-miR-454-5p; hsa-miR-505-5p; hsa-miR-542-3p
Pathways (KEGG),Arrhythmogenic right ventricular cardiomyopathy ARVC,over-represented,0.0297588,0.0297588,0.235167,24.244,32,hsa-miR-1269a; hsa-miR-1269b; hsa-miR-196a-5p; hsa-miR-196a-3p; hsa-miR-196b-5p; hsa-miR-203b-3p; hsa-miR-205-5p; hsa-miR-205-3p; hsa-miR-217-5p; hsa-miR-224-5p; hsa-miR-31-5p; hsa-miR-34c-5p; hsa-miR-34c-3p; hsa-miR-375-3p; hsa-miR-891a-3p; hsa-let-7e-5p; hsa-let-7f-5p; hsa-let-7f-2-3p; hsa-miR-135b-3p; hsa-miR-153-5p; hsa-miR-19b-1-5p; hsa-miR-19b-3p; hsa-miR-200a-5p; hsa-miR-200a-3p; hsa-miR-20b-5p; hsa-miR-331-3p; hsa-miR-34a-5p; hsa-miR-34a-3p; hsa-miR-454-3p; hsa-miR-505-3p; hsa-miR-5698; hsa-miR-616-5p
Pathways (KEGG),Human cytomegalovirus infection,over-represented,0.031097,0.031097,0.239891,49.8185,56,hsa-miR-187-5p; hsa-miR-187-3p; hsa-miR-196a-5p; hsa-miR-196b-5p; hsa-miR-196b-3p; hsa-miR-203b-5p; hsa-miR-203b-3p; hsa-miR-205-5p; hsa-miR-205-3p; hsa-miR-217-5p; hsa-miR-224-5p; hsa-miR-224-3p; hsa-miR-31-5p; hsa-miR-31-3p; hsa-miR-34c-5p; hsa-miR-34c-3p; hsa-miR-375-3p; hsa-miR-577; hsa-miR-653-5p; hsa-miR-653-3p; hsa-miR-675-5p; hsa-miR-891a-5p; hsa-miR-891a-3p; hsa-let-7e-5p; hsa-let-7f-5p; hsa-let-7f-2-3p; hsa-miR-105-5p; hsa-miR-135b-5p; hsa-miR-135b-3p; hsa-miR-139-5p; hsa-miR-139-3p; hsa-miR-153-5p; hsa-miR-19b-1-5p; hsa-miR-19b-3p; hsa-miR-200a-5p; hsa-miR-200a-3p; hsa-miR-20b-5p; hsa-miR-20b-3p; hsa-miR-323b-5p; hsa-miR-323b-3p; hsa-miR-331-5p; hsa-miR-331-3p; hsa-miR-34a-5p; hsa-miR-34a-3p; hsa-miR-454-5p; hsa-miR-454-3p; hsa-miR-4677-3p; hsa-miR-505-5p; hsa-miR-505-3p; hsa-miR-542-5p; hsa-miR-542-3p; hsa-miR-5698; hsa-miR-616-5p; hsa-miR-616-3p; hsa-miR-96-5p; hsa-miR-96-3p
Pathways (KEGG),Autophagy - other,over-represented,0.0327705,0.0327705,0.24481,13.4032,20,hsa-miR-196a-5p; hsa-miR-196a-3p; hsa-miR-196b-5p; hsa-miR-224-5p; hsa-miR-224-3p; hsa-miR-375-3p; hsa-miR-653-5p; hsa-let-7e-5p; hsa-let-7f-5p; hsa-miR-139-5p; hsa-miR-139-3p; hsa-miR-153-5p; hsa-miR-19b-3p; hsa-miR-20b-5p; hsa-miR-34a-5p; hsa-miR-4677-3p; hsa-miR-505-5p; hsa-miR-505-3p; hsa-miR-96-5p; hsa-miR-96-3p
Pathways (KEGG),Cortisol synthesis and secretion,over-represented,0.0333458,0.0333458,0.24481,20.6469,28,hsa-miR-187-5p; hsa-miR-187-3p; hsa-miR-196a-5p; hsa-miR-196b-5p; hsa-miR-203b-3p; hsa-miR-205-5p; hsa-miR-205-3p; hsa-miR-224-5p; hsa-miR-31-5p; hsa-miR-31-3p; hsa-miR-34c-5p; hsa-miR-375-3p; hsa-miR-653-5p; hsa-let-7f-5p; hsa-let-7f-2-3p; hsa-miR-105-5p; hsa-miR-153-3p; hsa-miR-19b-3p; hsa-miR-200a-5p; hsa-miR-20b-5p; hsa-miR-323b-3p; hsa-miR-331-3p; hsa-miR-34a-5p; hsa-miR-454-3p; hsa-miR-542-3p; hsa-miR-5698; hsa-miR-616-3p; hsa-miR-96-5p
Pathways (KEGG),Histidine metabolism,over-represented,0.0340014,0.0340014,0.24481,8.40164,14,hsa-miR-187-5p; hsa-miR-196a-5p; hsa-miR-205-5p; hsa-miR-653-3p; hsa-let-7e-5p; hsa-let-7f-5p; hsa-let-7f-2-3p; hsa-miR-139-3p; hsa-miR-20b-5p; hsa-miR-20b-3p; hsa-miR-323b-5p; hsa-miR-34a-5p; hsa-miR-5698; hsa-miR-616-3p
Pathways (KEGG),Parkinson disease,over-represented,0.0363482,0.0363482,0.256018,30.4775,38,hsa-miR-187-3p; hsa-miR-196a-5p; hsa-miR-196a-3p; hsa-miR-196b-5p; hsa-miR-203b-5p; hsa-miR-205-5p; hsa-miR-205-3p; hsa-miR-224-5p; hsa-miR-31-5p; hsa-miR-31-3p; hsa-miR-34c-5p; hsa-miR-375-3p; hsa-miR-577; hsa-miR-653-5p; hsa-miR-653-3p; hsa-miR-675-3p; hsa-miR-891a-3p; hsa-let-7e-5p; hsa-let-7f-5p; hsa-miR-105-5p; hsa-miR-135b-5p; hsa-miR-135b-3p; hsa-miR-139-5p; hsa-miR-139-3p; hsa-miR-153-5p; hsa-miR-153-3p; hsa-miR-19b-3p; hsa-miR-200a-3p; hsa-miR-20b-5p; hsa-miR-20b-3p; hsa-miR-331-3p; hsa-miR-34a-5p; hsa-miR-454-3p; hsa-miR-4677-5p; hsa-miR-505-5p; hsa-miR-505-3p; hsa-miR-5698; hsa-miR-616-5p
Pathways (KEGG),Fluid shear stress and atherosclerosis,over-represented,0.0391533,0.0391533,0.259758,39.9632,47,hsa-miR-187-5p; hsa-miR-187-3p; hsa-miR-196a-5p; hsa-miR-196b-5p; hsa-miR-205-5p; hsa-miR-205-3p; hsa-miR-224-5p; hsa-miR-31-5p; hsa-miR-31-3p; hsa-miR-34c-5p; hsa-miR-34c-3p; hsa-miR-375-3p; hsa-miR-577; hsa-miR-653-5p; hsa-miR-675-3p; hsa-miR-891a-3p; hsa-let-7e-5p; hsa-let-7e-3p; hsa-let-7f-5p; hsa-let-7f-2-3p; hsa-miR-105-5p; hsa-miR-135b-5p; hsa-miR-139-5p; hsa-miR-139-3p; hsa-miR-153-5p; hsa-miR-153-3p; hsa-miR-19b-1-5p; hsa-miR-19b-3p; hsa-miR-200a-5p; hsa-miR-200a-3p; hsa-miR-20b-5p; hsa-miR-20b-3p; hsa-miR-323b-3p; hsa-miR-331-5p; hsa-miR-331-3p; hsa-miR-34a-5p; hsa-miR-34a-3p; hsa-miR-454-5p; hsa-miR-454-3p; hsa-miR-4677-5p; hsa-miR-4677-3p; hsa-miR-505-5p; hsa-miR-542-3p; hsa-miR-5698; hsa-miR-616-5p; hsa-miR-96-5p; hsa-miR-96-3p
Pathways (KEGG),Nucleotide excision repair,over-represented,0.0399744,0.0399744,0.259758,14.5612,21,hsa-miR-196a-5p; hsa-miR-196a-3p; hsa-miR-31-5p; hsa-miR-675-5p; hsa-let-7e-5p; hsa-let-7f-5p; hsa-miR-139-3p; hsa-miR-153-5p; hsa-miR-153-3p; hsa-miR-19b-1-5p; hsa-miR-19b-3p; hsa-miR-20b-5p; hsa-miR-331-5p; hsa-miR-331-3p; hsa-miR-34a-5p; hsa-miR-454-3p; hsa-miR-505-5p; hsa-miR-542-3p; hsa-miR-5698; hsa-miR-616-5p; hsa-miR-96-3p
Pathways (KEGG),T cell receptor signaling pathway,over-represented,0.0399771,0.0399771,0.259758,36.8095,44,hsa-miR-187-5p; hsa-miR-187-3p; hsa-miR-196a-5p; hsa-miR-196a-3p; hsa-miR-196b-5p; hsa-miR-196b-3p; hsa-miR-205-5p; hsa-miR-217-5p; hsa-miR-224-5p; hsa-miR-224-3p; hsa-miR-31-5p; hsa-miR-31-3p; hsa-miR-34c-5p; hsa-miR-34c-3p; hsa-miR-375-3p; hsa-miR-577; hsa-miR-891a-5p; hsa-miR-891a-3p; hsa-let-7e-5p; hsa-let-7f-5p; hsa-let-7f-2-3p; hsa-miR-105-5p; hsa-miR-139-5p; hsa-miR-153-5p; hsa-miR-19b-1-5p; hsa-miR-19b-3p; hsa-miR-200a-3p; hsa-miR-20b-5p; hsa-miR-20b-3p; hsa-miR-323b-3p; hsa-miR-331-5p; hsa-miR-331-3p; hsa-miR-34a-5p; hsa-miR-454-5p; hsa-miR-454-3p; hsa-miR-4677-3p; hsa-miR-505-5p; hsa-miR-505-3p; hsa-miR-542-3p; hsa-miR-5698; hsa-miR-616-5p; hsa-miR-616-3p; hsa-miR-96-5p; hsa-miR-96-3p
Pathways (KEGG),Thyroid hormone signaling pathway,over-represented,0.0400861,0.0400861,0.259758,42.1807,49,hsa-miR-196a-5p; hsa-miR-196a-3p; hsa-miR-196b-5p; hsa-miR-196b-3p; hsa-miR-203b-5p; hsa-miR-203b-3p; hsa-miR-205-5p; hsa-miR-205-3p; hsa-miR-217-5p; hsa-miR-224-5p; hsa-miR-224-3p; hsa-miR-31-5p; hsa-miR-34c-5p; hsa-miR-34c-3p; hsa-miR-375-3p; hsa-miR-653-5p; hsa-miR-653-3p; hsa-miR-675-5p; hsa-miR-891a-3p; hsa-let-7e-5p; hsa-let-7f-5p; hsa-let-7f-2-3p; hsa-miR-105-5p; hsa-miR-135b-5p; hsa-miR-135b-3p; hsa-miR-139-5p; hsa-miR-153-5p; hsa-miR-153-3p; hsa-miR-19b-1-5p; hsa-miR-19b-3p; hsa-miR-200a-5p; hsa-miR-200a-3p; hsa-miR-20b-5p; hsa-miR-20b-3p; hsa-miR-323b-3p; hsa-miR-331-3p; hsa-miR-34a-5p; hsa-miR-34a-3p; hsa-miR-454-5p; hsa-miR-454-3p; hsa-miR-4677-5p; hsa-miR-4677-3p; hsa-miR-505-5p; hsa-miR-505-3p; hsa-miR-542-3p; hsa-miR-5698; hsa-miR-616-5p; hsa-miR-616-3p; hsa-miR-96-5p
Pathways (KEGG),Thyroid cancer,over-represented,0.0431715,0.0431715,0.261196,29.7876,37,hsa-miR-196a-5p; hsa-miR-196b-5p; hsa-miR-196b-3p; hsa-miR-205-3p; hsa-miR-217-5p; hsa-miR-224-5p; hsa-miR-34c-5p; hsa-miR-34c-3p; hsa-miR-375-3p; hsa-miR-653-3p; hsa-miR-675-5p; hsa-miR-891a-3p; hsa-let-7e-5p; hsa-let-7f-5p; hsa-miR-135b-5p; hsa-miR-135b-3p; hsa-miR-139-5p; hsa-miR-19b-1-5p; hsa-miR-19b-3p; hsa-miR-200a-5p; hsa-miR-200a-3p; hsa-miR-20b-5p; hsa-miR-20b-3p; hsa-miR-323b-3p; hsa-miR-331-5p; hsa-miR-331-3p; hsa-miR-34a-5p; hsa-miR-34a-3p; hsa-miR-454-5p; hsa-miR-454-3p; hsa-miR-4677-3p; hsa-miR-505-5p; hsa-miR-505-3p; hsa-miR-542-3p; hsa-miR-5698; hsa-miR-616-5p; hsa-miR-96-5p
Pathways (KEGG),Proteasome,over-represented,0.044112,0.044112,0.261196,13.8221,20,hsa-miR-196a-5p; hsa-miR-224-5p; hsa-miR-224-3p; hsa-miR-34c-3p; hsa-miR-375-3p; hsa-miR-653-5p; hsa-miR-891a-5p; hsa-let-7e-5p; hsa-miR-139-5p; hsa-miR-153-5p; hsa-miR-19b-3p; hsa-miR-200a-3p; hsa-miR-20b-3p; hsa-miR-331-3p; hsa-miR-34a-3p; hsa-miR-454-3p; hsa-miR-5698; hsa-miR-616-5p; hsa-miR-616-3p; hsa-miR-96-5p
Pathways (KEGG),Huntington disease,over-represented,0.0441765,0.0441765,0.261196,42.3531,49,hsa-miR-187-3p; hsa-miR-196a-5p; hsa-miR-196a-3p; hsa-miR-196b-5p; hsa-miR-203b-5p; hsa-miR-203b-3p; hsa-miR-205-5p; hsa-miR-205-3p; hsa-miR-217-5p; hsa-miR-224-5p; hsa-miR-224-3p; hsa-miR-31-5p; hsa-miR-31-3p; hsa-miR-34c-5p; hsa-miR-34c-3p; hsa-miR-375-3p; hsa-miR-577; hsa-miR-653-5p; hsa-miR-653-3p; hsa-miR-675-3p; hsa-miR-891a-3p; hsa-let-7e-5p; hsa-let-7f-5p; hsa-let-7f-2-3p; hsa-miR-105-5p; hsa-miR-135b-5p; hsa-miR-139-5p; hsa-miR-139-3p; hsa-miR-153-5p; hsa-miR-19b-1-5p; hsa-miR-19b-3p; hsa-miR-200a-5p; hsa-miR-200a-3p; hsa-miR-20b-5p; hsa-miR-20b-3p; hsa-miR-323b-3p; hsa-miR-331-5p; hsa-miR-331-3p; hsa-miR-34a-5p; hsa-miR-454-3p; hsa-miR-4677-5p; hsa-miR-4677-3p; hsa-miR-505-5p; hsa-miR-505-3p; hsa-miR-542-3p; hsa-miR-5698; hsa-miR-616-5p; hsa-miR-96-5p; hsa-miR-96-3p
Pathways (KEGG),Fc gamma R-mediated phagocytosis,over-represented,0.0460449,0.0460449,0.261196,34.9863,42,hsa-miR-187-5p; hsa-miR-196a-5p; hsa-miR-196a-3p; hsa-miR-196b-5p; hsa-miR-203b-3p; hsa-miR-205-5p; hsa-miR-205-3p; hsa-miR-217-5p; hsa-miR-224-5p; hsa-miR-31-5p; hsa-miR-31-3p; hsa-miR-34c-5p; hsa-miR-34c-3p; hsa-miR-375-3p; hsa-miR-891a-3p; hsa-let-7e-5p; hsa-let-7f-5p; hsa-miR-105-5p; hsa-miR-135b-5p; hsa-miR-135b-3p; hsa-miR-139-5p; hsa-miR-139-3p; hsa-miR-153-5p; hsa-miR-19b-1-5p; hsa-miR-19b-3p; hsa-miR-200a-3p; hsa-miR-20b-5p; hsa-miR-20b-3p; hsa-miR-323b-5p; hsa-miR-331-3p; hsa-miR-34a-5p; hsa-miR-34a-3p; hsa-miR-454-5p; hsa-miR-454-3p; hsa-miR-505-5p; hsa-miR-505-3p; hsa-miR-542-5p; hsa-miR-542-3p; hsa-miR-5698; hsa-miR-616-5p; hsa-miR-96-5p; hsa-miR-96-3p
Pathways (KEGG),Acute myeloid leukemia,over-represented,0.0473832,0.0473832,0.261196,29.9601,37,hsa-miR-196a-5p; hsa-miR-196b-5p; hsa-miR-196b-3p; hsa-miR-205-3p; hsa-miR-217-5p; hsa-miR-224-5p; hsa-miR-224-3p; hsa-miR-34c-5p; hsa-miR-34c-3p; hsa-miR-375-3p; hsa-miR-653-3p; hsa-miR-675-5p; hsa-miR-891a-3p; hsa-let-7e-5p; hsa-let-7f-5p; hsa-let-7f-2-3p; hsa-miR-105-5p; hsa-miR-135b-5p; hsa-miR-139-5p; hsa-miR-19b-1-5p; hsa-miR-19b-3p; hsa-miR-200a-3p; hsa-miR-20b-5p; hsa-miR-323b-3p; hsa-miR-331-3p; hsa-miR-34a-5p; hsa-miR-34a-3p; hsa-miR-454-5p; hsa-miR-454-3p; hsa-miR-4677-3p; hsa-miR-505-5p; hsa-miR-505-3p; hsa-miR-542-3p; hsa-miR-5698; hsa-miR-616-5p; hsa-miR-96-5p; hsa-miR-96-3p
Pathways (KEGG),TGF-beta signaling pathway,over-represented,0.0484499,0.0484499,0.261196,36.1197,43,hsa-miR-187-3p; hsa-miR-196a-5p; hsa-miR-196a-3p; hsa-miR-196b-5p; hsa-miR-205-5p; hsa-miR-205-3p; hsa-miR-217-5p; hsa-miR-224-5p; hsa-miR-224-3p; hsa-miR-31-5p; hsa-miR-31-3p; hsa-miR-34c-5p; hsa-miR-34c-3p; hsa-miR-375-3p; hsa-miR-577; hsa-miR-653-5p; hsa-miR-675-5p; hsa-miR-675-3p; hsa-miR-891a-3p; hsa-let-7e-5p; hsa-let-7f-5p; hsa-let-7f-2-3p; hsa-miR-135b-5p; hsa-miR-139-3p; hsa-miR-153-5p; hsa-miR-153-3p; hsa-miR-19b-1-5p; hsa-miR-19b-3p; hsa-miR-200a-3p; hsa-miR-20b-5p; hsa-miR-331-5p; hsa-miR-34a-5p; hsa-miR-34a-3p; hsa-miR-454-5p; hsa-miR-454-3p; hsa-miR-4677-3p; hsa-miR-505-5p; hsa-miR-505-3p; hsa-miR-542-3p; hsa-miR-5698; hsa-miR-616-5p; hsa-miR-616-3p; hsa-miR-96-3p
Pathways (KEGG),Alcoholism,over-represented,0.0489238,0.0489238,0.261196,39.298,46,hsa-miR-1269a; hsa-miR-1269b; hsa-miR-196a-5p; hsa-miR-196a-3p; hsa-miR-196b-5p; hsa-miR-196b-3p; hsa-miR-203b-5p; hsa-miR-205-5p; hsa-miR-217-5p; hsa-miR-224-5p; hsa-miR-224-3p; hsa-miR-31-5p; hsa-miR-34c-5p; hsa-miR-375-3p; hsa-miR-577; hsa-miR-653-5p; hsa-miR-675-5p; hsa-miR-891a-5p; hsa-miR-891a-3p; hsa-let-7e-5p; hsa-let-7f-5p; hsa-let-7f-2-3p; hsa-miR-105-5p; hsa-miR-135b-3p; hsa-miR-139-5p; hsa-miR-139-3p; hsa-miR-153-5p; hsa-miR-19b-1-5p; hsa-miR-19b-3p; hsa-miR-200a-3p; hsa-miR-20b-5p; hsa-miR-323b-3p; hsa-miR-331-5p; hsa-miR-331-3p; hsa-miR-34a-5p; hsa-miR-34a-3p; hsa-miR-454-5p; hsa-miR-454-3p; hsa-miR-505-5p; hsa-miR-505-3p; hsa-miR-542-5p; hsa-miR-542-3p; hsa-miR-5698; hsa-miR-616-5p; hsa-miR-96-5p; hsa-miR-96-3p
Pathways (KEGG),Cholinergic synapse,over-represented,0.0494873,0.0494873,0.261196,31.0442,38,hsa-miR-187-5p; hsa-miR-187-3p; hsa-miR-196a-5p; hsa-miR-196a-3p; hsa-miR-196b-5p; hsa-miR-205-5p; hsa-miR-217-5p; hsa-miR-224-5p; hsa-miR-34c-5p; hsa-miR-34c-3p; hsa-miR-375-3p; hsa-miR-653-5p; hsa-miR-675-3p; hsa-miR-891a-5p; hsa-miR-891a-3p; hsa-let-7e-5p; hsa-let-7f-5p; hsa-let-7f-2-3p; hsa-miR-105-5p; hsa-miR-139-5p; hsa-miR-153-5p; hsa-miR-153-3p; hsa-miR-19b-1-5p; hsa-miR-19b-3p; hsa-miR-20b-5p; hsa-miR-323b-3p; hsa-miR-331-5p; hsa-miR-331-3p; hsa-miR-34a-5p; hsa-miR-34a-3p; hsa-miR-454-5p; hsa-miR-454-3p; hsa-miR-505-5p; hsa-miR-505-3p; hsa-miR-542-3p; hsa-miR-5698; hsa-miR-616-5p; hsa-miR-96-5p
Pathways (KEGG),D-Glutamine and D-glutamate metabolism,over-represented,0.0495991,0.0495991,0.261196,0.8377,3,hsa-miR-187-5p; hsa-miR-375-3p; hsa-miR-653-5p
